{
    "rmse": 0.6225793459606629,
    "mae": 0.38760504201680673,
    "r2": -0.5836981268173924
}