{
    "rmse": 0.6317908387002349,
    "mae": 0.39915966386554624,
    "r2": -0.6232976599133968
}